<?xml version="1.0" encoding="utf-8"?>
<rows>
	<dealinfo>
		<syscode>80100</syscode>
		<fameofdealok>5</fameofdealok>
		<fameofbarrelfail>-15</fameofbarrelfail>
		<fameoffreshfail>-15</fameoffreshfail>
		<presentablecount>6</presentablecount>
		<overdealbarrel>100</overdealbarrel>
	</dealinfo>
	<color>
		<syscode>80200</syscode>
		<colorcode>1</colorcode>
		<r>255</r>
		<g>229</g>
		<b>158</b>
	</color>
	<color>
		<syscode>80201</syscode>
		<colorcode>2</colorcode>
		<r>185</r>
		<g>231</g>
		<b>255</b>
	</color>
	<color>
		<syscode>80202</syscode>
		<colorcode>3</colorcode>
		<r>73</r>
		<g>170</g>
		<b>211</b>
	</color>
	<color>
		<syscode>80203</syscode>
		<colorcode>4</colorcode>
		<r>202</r>
		<g>124</g>
		<b>255</b>
	</color>
	<color>
		<syscode>80204</syscode>
		<colorcode>5</colorcode>
		<r>255</r>
		<g>156</g>
		<b>179</b>
	</color>
	<stbody>
		<syscode>80300</syscode>
		<stcode>100</stcode>
		<atlasname>animal_00</atlasname>
		<a1>cow_b_01</a1>
		<a2>cow_b_02</a2>
		<a3>cow_b_03</a3>
		<a4>cow_b_04</a4>
		<a5>cow_b_05</a5>
		<a6>cow_b_06</a6>
	</stbody>
	<stbody>
		<syscode>80300</syscode>
		<stcode>101</stcode>
		<atlasname>animal_00</atlasname>
		<a1>cow_bg_01</a1>
		<a2>cow_bg_02</a2>
		<a3>cow_bg_03</a3>
		<a4>cow_bg_04</a4>
		<a5>cow_bg_05</a5>
		<a6>cow_bg_06</a6>
	</stbody>
	<stbody>
		<syscode>80300</syscode>
		<stcode>102</stcode>
		<atlasname>animal_00</atlasname>
		<a1>cow_bh_01</a1>
		<a2>cow_bh_02</a2>
		<a3>cow_bh_03</a3>
		<a4>cow_bh_04</a4>
		<a5>cow_bh_05</a5>
		<a6>cow_bh_06</a6>
	</stbody>
	<stbody>
		<syscode>80300</syscode>
		<stcode>103</stcode>
		<atlasname>animal_00</atlasname>
		<a1>cow_bi_01</a1>
		<a2>cow_bi_02</a2>
		<a3>cow_bi_03</a3>
		<a4>cow_bi_04</a4>
		<a5>cow_bi_05</a5>
		<a6>cow_bi_06</a6>
	</stbody>
	<stbody>
		<syscode>80300</syscode>
		<stcode>104</stcode>
		<atlasname>animal_00</atlasname>
		<a1>cow_bj_01</a1>
		<a2>cow_bj_02</a2>
		<a3>cow_bj_03</a3>
		<a4>cow_bj_04</a4>
		<a5>cow_bj_05</a5>
		<a6>cow_bj_06</a6>
	</stbody>
	<cropframe>
		<syscode>80500</syscode>
		<code>1</code>
		<name>배추</name>
		<a1>cabbage_03</a1>
		<a2>cabbage_02</a2>
		<a3>cabbage_01</a3>
		<a4>seed</a4>
	</cropframe>
	<cropframe>
		<syscode>80501</syscode>
		<code>2</code>
		<name>귀리</name>
		<a1>oats_03</a1>
		<a2>oats_02</a2>
		<a3>oats_01</a3>
		<a4>seed</a4>
	</cropframe>
	<cropframe>
		<syscode>80502</syscode>
		<code>3</code>
		<name>옥수수</name>
		<a1>corn_03</a1>
		<a2>corn_02</a2>
		<a3>corn_01</a3>
		<a4>seed</a4>
	</cropframe>
	<rivalquest>
		<questcode>30</questcode>
		<desc>목장에 가축을 최대 (n)마리 배치해보세요.</desc>
	</rivalquest>
	<rivalquest>
		<questcode>13</questcode>
		<desc>건초를 (n)개 생산하세요.</desc>
	</rivalquest>
	<rivalquest>
		<questcode>53</questcode>
		<desc>착유기를 (n)단계로 향상시키세요.</desc>
	</rivalquest>
	<rivalquest>
		<questcode>51</questcode>
		<desc>우유탱크를 (n)단계로 향상시키세요.</desc>
	</rivalquest>
	<rivalquest>
		<questcode>63</questcode>
		<desc>알바 아이템 (n)번 사용하기</desc>
	</rivalquest>
</rows>
